position,x,y
ankle_left,101.3637084,273.1621773
knee_left,99.78463517,206.6693319
hip_right,100.1225244,143.880627
hip_left,71.99885648,143.7801676
knee_right,73.57243156,205.0727681
ankle_right,77.79933071,271.052914
wrist_right,157.3205251,32.01060599
elbow_right,146.00172,70.08979458
shoulder_right,107.9939606,55.43676546
shoulder_left,62.00813341,56.04187831
elbow_left,24.87176549,78.69295926
wrist_left,10.44129372,43.25502579
chin,85.42908883,44.72839142
forehead,86.37962246,8.847872134
